{
    "utterances": [
        {
            "text": "Be gentle when you speak to an autistic child",
            "entities": [
                {
                    "entity": "autistic_child:autistic_child",
                    "start": 31,
                    "end": 45,
                    "body": "autistic child",
                    "entities": []
                }
            ],
            "traits": [],
            "intent": "Be_gentle"
        },
        {
            "text": "Here, Tunde is autistic",
            "entities": [
                {
                    "entity": "autistic_child:autistic_child",
                    "start": 15,
                    "end": 23,
                    "body": "autistic",
                    "entities": []
                }
            ],
            "traits": [],
            "intent": "You_need_to_be_patient"
        },
        {
            "text": "How to identify an autistic child",
            "entities": [
                {
                    "entity": "autistic_child:autistic_child",
                    "start": 19,
                    "end": 33,
                    "body": "autistic child",
                    "entities": []
                }
            ],
            "traits": [],
            "intent": "identifing_an_autistic_child"
        },
        {
            "text": "You need to be patient with autistic children",
            "entities": [],
            "traits": [],
            "intent": "You_need_to_be_patient"
        }
    ]
}
